uri,notation,label,description,reviewStatus,definitionStatus,sourceStatus,legacyDomains,legacyMappings,legacyLabels,notes
http://codes.wmo.int/wmdr/ObservingMethod/acousticDopplerVelocityProfiling,acousticDopplerVelocityProfiling,Acoustic-Doppler velocity profiling,Determination of velocity as a function of distance or depth from Doppler shifts of returned acoustic signals.,discussion needed,drafted,legacy-derived,Terrestrial,Terrestrial:368,Acoustic doppler current profiler (ADCP),
http://codes.wmo.int/wmdr/ObservingMethod/acousticThermometry,acousticThermometry,Acoustic thermometry,Determination of temperature from an acoustic property such as the speed of sound.,discussion needed,drafted,legacy-derived,Atmosphere,Atmosphere:195,Sonic thermometer,
http://codes.wmo.int/wmdr/ObservingMethod/acousticTransitTimeVelocimetry,acousticTransitTimeVelocimetry,Acoustic transit-time velocimetry,Determination of fluid velocity from differences in acoustic travel time along one or more propagation paths.,discussion needed,drafted,legacy-derived,Atmosphere; Terrestrial,Atmosphere:60; Terrestrial:367,(Ultra)sonic anemometer; Acoustic (ultrasonic) velocity meter,Consolidates 2 legacy entries.
http://codes.wmo.int/wmdr/ObservingMethod/aerodynamicParticleSizing,aerodynamicParticleSizing,Aerodynamic particle sizing,Determination of particle size from aerodynamic response to an accelerating or classified flow.,discussion needed,drafted,legacy-derived,Atmosphere,Atmosphere:227,Aerodynamic particle sizing spectrometer (APS),
http://codes.wmo.int/wmdr/ObservingMethod/aerosolMassSpectrometry,aerosolMassSpectrometry,Aerosol mass spectrometry,Mass-spectrometric determination of the composition or mass distribution of aerosol particles.,discussion needed,drafted,legacy-derived,Atmosphere,Atmosphere:217,Aerodyne mass spectrometer (AMS),
http://codes.wmo.int/wmdr/ObservingMethod/amperometry,amperometry,Amperometry,Electrochemical determination based on measurement of electrical current at a controlled electrode potential.,discussion needed,drafted,missing-candidate,,,,General electrochemical method useful beyond the existing oxygen-specific polarographic entry.
http://codes.wmo.int/wmdr/ObservingMethod/anemometry,anemometry,Anemometry,"Measurement of fluid velocity, particularly wind speed.",discussion needed,drafted,legacy-derived,Atmosphere,Atmosphere:65,Anemometer [general],
http://codes.wmo.int/wmdr/ObservingMethod/atmometricEvaporationMeasurement,atmometricEvaporationMeasurement,Atmometric evaporation measurement,,discussion needed,needed,legacy-derived,Atmosphere,Atmosphere:68,Atmometer,
http://codes.wmo.int/wmdr/ObservingMethod/atmosphericRadioNoiseDetection,atmosphericRadioNoiseDetection,Atmospheric radio-noise detection,,discussion needed,needed,legacy-derived,Atmosphere,Atmosphere:69,Atmospherics ('sferics') detection,
http://codes.wmo.int/wmdr/ObservingMethod/automatedImageClassification,automatedImageClassification,Automated image classification,Determination of an observed class or category from algorithmic analysis of image data.,discussion needed,drafted,missing-candidate,,,,"Candidate for automated cloud, weather, phenology, biological and surface observations; boundary with processing methods needs discussion."
http://codes.wmo.int/wmdr/ObservingMethod/bimetallicActinography,bimetallicActinography,Bimetallic actinography,,discussion needed,needed,legacy-derived,Atmosphere,Atmosphere:263,Bimetallic actinograph,
http://codes.wmo.int/wmdr/ObservingMethod/bioacousticDetection,bioacousticDetection,Bioacoustic detection,Detection or characterization of organisms or biological activity from emitted or reflected acoustic signals.,discussion needed,drafted,missing-candidate,,,,Candidate biological observation method.
http://codes.wmo.int/wmdr/ObservingMethod/broadbandTotalRadiometry,broadbandTotalRadiometry,Broadband total radiometry,,discussion needed,needed,legacy-derived,Atmosphere,Atmosphere:180,"Pyrradiometer (total global, UV+IR)",
http://codes.wmo.int/wmdr/ObservingMethod/campbellStokesBurnMethod,campbellStokesBurnMethod,Campbell–Stokes burn method,Sunshine duration is determined by evaluating the burnt areas imprinted by the sun in a strip of carton or aluminum foil placed behind a glass sphere.,discussion needed,inherited,legacy-derived,Atmosphere,Atmosphere:415,Campbell-Stokes burn method,
http://codes.wmo.int/wmdr/ObservingMethod/capacitivePrecipitationDetection,capacitivePrecipitationDetection,Capacitive precipitation detection,,discussion needed,needed,legacy-derived,Atmosphere,Atmosphere:82,Capacitive rain sensor,
http://codes.wmo.int/wmdr/ObservingMethod/capacitivePressureMeasurement,capacitivePressureMeasurement,Capacitive pressure measurement,Determination of pressure from pressure-induced changes in electrical capacitance.,discussion needed,drafted,missing-candidate,,,,Common pressure-transduction principle not explicit in the current lists.
http://codes.wmo.int/wmdr/ObservingMethod/chemiluminescenceDetection,chemiluminescenceDetection,Chemiluminescence detection,Detection based on light emitted by a chemical reaction.,discussion needed,drafted,legacy-derived,Atmosphere,Atmosphere:186; Atmosphere:270; Atmosphere:287; Atmosphere:288; Atmosphere:289; Atmosphere:290; Atmosphere:291,Regener Sonde (chemiluminescence); Tetrachloromercurate (TCM) absorption - CL; Catalytic conversion 'Au' - CL; Catalytic conversion 'Fe' - CL; Catalytic conversion 'Mb' - CL; Chemiluminescence (CL) [general]; Photolytic conversion - CL,"Consolidates 7 legacy entries. Legacy dispositions: rename, split."
http://codes.wmo.int/wmdr/ObservingMethod/cloudCondensationNucleiCounting,cloudCondensationNucleiCounting,Cloud-condensation-nuclei counting,,discussion needed,needed,legacy-derived,Atmosphere,Atmosphere:231,Cloud condensation nuclei (CCN) counter,
http://codes.wmo.int/wmdr/ObservingMethod/colorimetryANSA,colorimetryANSA,ANSA colorimetry,,discussion needed,needed,legacy-derived,Atmosphere,Atmosphere:271,Colorimetry (ANSA),
http://codes.wmo.int/wmdr/ObservingMethod/colorimetryNEDA,colorimetryNEDA,NEDA colorimetry,,discussion needed,needed,legacy-derived,Atmosphere,Atmosphere:275,Colorimetry (NEDA),
http://codes.wmo.int/wmdr/ObservingMethod/compositeRadiosondeTracking,compositeRadiosondeTracking,Composite radiosonde tracking,,discussion needed,needed,legacy-derived,Atmosphere,Atmosphere:330,Radiosonde with composite method tracking,
http://codes.wmo.int/wmdr/ObservingMethod/condensationParticleCounting,condensationParticleCounting,Condensation-particle counting,Counting of particles after condensational growth to optically detectable size.,discussion needed,drafted,legacy-derived,Atmosphere,Atmosphere:232,Condensation particle counter (CPC),
http://codes.wmo.int/wmdr/ObservingMethod/conductiveHeatFluxMeasurement,conductiveHeatFluxMeasurement,Conductive heat-flux measurement,,discussion needed,needed,legacy-derived,Terrestrial,Terrestrial:128,Soil heat flux plate,
http://codes.wmo.int/wmdr/ObservingMethod/continuousGravimetry,continuousGravimetry,Continuous gravimetry,,discussion needed,needed,legacy-derived,Atmosphere,Atmosphere:233,Continuous gravimetry,
http://codes.wmo.int/wmdr/ObservingMethod/contrastEvaluationAndScanning,contrastEvaluationAndScanning,Contrast evaluation and scanning,Sunshine duration is determined by combining multi-sensor detectors with an electronic discriminator.,discussion needed,inherited,legacy-derived,Atmosphere,Atmosphere:416,Contrast-evaluating and scanning devices,
http://codes.wmo.int/wmdr/ObservingMethod/coulometry,coulometry,Coulometry,Electrochemical determination based on the total electric charge consumed or produced by a reaction.,discussion needed,drafted,missing-candidate,,,,Common analytical method absent from the current lists.
http://codes.wmo.int/wmdr/ObservingMethod/currentVelocimetry,currentVelocimetry,Current velocimetry,Generic determination of water-current velocity when the specific sensing principle is not stated.,discussion needed,drafted,legacy-derived,Terrestrial,Terrestrial:364,Water current meter,
http://codes.wmo.int/wmdr/ObservingMethod/differentialMobilityParticleSizing,differentialMobilityParticleSizing,Differential-mobility particle sizing,,discussion needed,needed,legacy-derived,Atmosphere,Atmosphere:234,"Differential mobility particle sizer (DMA, DMPS)",
http://codes.wmo.int/wmdr/ObservingMethod/differentialOpticalAbsorptionSpectroscopy,differentialOpticalAbsorptionSpectroscopy,Differential optical absorption spectroscopy,Spectroscopic determination based on wavelength-dependent differential optical absorption.,discussion needed,drafted,legacy-derived,Atmosphere,Atmosphere:189; Atmosphere:321,SAOZ (UV-vis diode array spectrometer); Differential optical absorption (DOAS),Consolidates 2 legacy entries.
http://codes.wmo.int/wmdr/ObservingMethod/differentialUltravioletAbsorptionSpectrophotometry,differentialUltravioletAbsorptionSpectrophotometry,Differential ultraviolet absorption spectrophotometry,Determination of a constituent amount from differential absorption of ultraviolet radiation at selected wavelengths.,discussion needed,drafted,legacy-derived,Atmosphere,Atmosphere:78; Atmosphere:106,Brewer; Dobson,"Consolidates 2 legacy entries. Legacy dispositions: merge, rename."
http://codes.wmo.int/wmdr/ObservingMethod/diffusionBatteryParticleSizing,diffusionBatteryParticleSizing,Diffusion-battery particle sizing,,discussion needed,needed,legacy-derived,Atmosphere,Atmosphere:235,Diffusion battery,
http://codes.wmo.int/wmdr/ObservingMethod/disdrometry,disdrometry,Disdrometry,"Determination of hydrometeor size, fall speed or related precipitation characteristics from individual particles or drops.",discussion needed,drafted,legacy-derived,Atmosphere,Atmosphere:102,Disdrometer (drop spectrographs),
http://codes.wmo.int/wmdr/ObservingMethod/dissipationMethod,dissipationMethod,Dissipation method,,discussion needed,needed,legacy-derived,Atmosphere,Atmosphere:105,Dissipation method,
http://codes.wmo.int/wmdr/ObservingMethod/elasticBackscatterLidar,elasticBackscatterLidar,Elastic-backscatter lidar,,discussion needed,needed,legacy-derived,Atmosphere,Atmosphere:245,Ceilometer,
http://codes.wmo.int/wmdr/ObservingMethod/electricalMobilityClassification,electricalMobilityClassification,Electrical-mobility classification,,discussion needed,needed,legacy-derived,Atmosphere,Atmosphere:237,Electrostatic classifier,
http://codes.wmo.int/wmdr/ObservingMethod/electrochemicalConcentrationCell,electrochemicalConcentrationCell,Electrochemical concentration-cell measurement,Electrochemical determination of concentration using a concentration cell in which the measurand produces a measurable electrical response.,discussion needed,drafted,legacy-derived,Atmosphere,Atmosphere:107,ECC Sonde,
http://codes.wmo.int/wmdr/ObservingMethod/environmentalDNAAnalysis,environmentalDNAAnalysis,Environmental DNA analysis,Detection or characterization of organisms from DNA recovered from environmental samples.,discussion needed,drafted,missing-candidate,,,,DNA remains uppercase as a retained established acronym; definition of sampling versus analytical method needs review.
http://codes.wmo.int/wmdr/ObservingMethod/faradayCupPhotochemistry,faradayCupPhotochemistry,Faraday-cup photochemistry,,discussion needed,needed,legacy-derived,Atmosphere,Atmosphere:114,Faraday cup photochemistry,
http://codes.wmo.int/wmdr/ObservingMethod/filterRadiometry,filterRadiometry,Filter radiometry,Radiometric measurement in one or more spectral bands selected by optical filters.,discussion needed,drafted,legacy-derived,Atmosphere,Atmosphere:58,(Optical) filter Instrument,
http://codes.wmo.int/wmdr/ObservingMethod/flowCytometry,flowCytometry,Flow cytometry,Measurement and classification of particles or cells in a flowing stream from optical or other detector responses.,discussion needed,drafted,missing-candidate,,,,Candidate biological and water-quality method.
http://codes.wmo.int/wmdr/ObservingMethod/flumeDischargeMeasurement,flumeDischargeMeasurement,Flume discharge measurement,Determination of discharge from the hydraulic relation between flow and stage in a calibrated flume.,discussion needed,drafted,legacy-derived,Terrestrial,Terrestrial:362,Flume,
http://codes.wmo.int/wmdr/ObservingMethod/fluorescenceMeasurement,fluorescenceMeasurement,Fluorescence measurement,Determination based on light emitted by a substance following excitation.,discussion needed,drafted,legacy-derived,Atmosphere; Ocean,Atmosphere:294; Ocean:400,"Fluorescence [general]; Fluorometry, optical backscattering","Consolidates 2 legacy entries. Legacy dispositions: rename, split."
http://codes.wmo.int/wmdr/ObservingMethod/fourierTransformInfraredSpectroscopy,fourierTransformInfraredSpectroscopy,Fourier-transform infrared spectroscopy,Infrared spectroscopy in which an interferogram is transformed mathematically to obtain the spectrum.,discussion needed,drafted,legacy-derived,Atmosphere,Atmosphere:322; Atmosphere:323,Fourier-transform IR spectroscopy (FTIR); TCCON Fourier-transform IR spectroscopy (TCCON-FTIR),"Consolidates 2 legacy entries. Legacy dispositions: merge, rename."
http://codes.wmo.int/wmdr/ObservingMethod/gasChromatographyElectronCaptureMassSpectrometry,gasChromatographyElectronCaptureMassSpectrometry,Gas chromatography with electron-capture detection and mass spectrometry,,discussion needed,needed,legacy-derived,Atmosphere,Atmosphere:300,GC-ECD-MS,
http://codes.wmo.int/wmdr/ObservingMethod/gasChromatographyHgOReductionUltravioletAbsorption,gasChromatographyHgOReductionUltravioletAbsorption,Gas chromatography with HgO reduction and ultraviolet absorption,,discussion needed,needed,legacy-derived,Atmosphere,Atmosphere:302,GC-HgO reduction-UV absorption,
http://codes.wmo.int/wmdr/ObservingMethod/gradientMethod,gradientMethod,Gradient method,,discussion needed,needed,legacy-derived,Atmosphere,Atmosphere:125,Gradient method,
http://codes.wmo.int/wmdr/ObservingMethod/graduatedScaleMeasurement,graduatedScaleMeasurement,Graduated-scale measurement,Direct manual determination of a quantity by reading a calibrated graduated scale.,discussion needed,drafted,legacy-derived,Terrestrial,Terrestrial:261,Graduated device,
http://codes.wmo.int/wmdr/ObservingMethod/graduatedScalePrecipitationMeasurement,graduatedScalePrecipitationMeasurement,Graduated-scale precipitation measurement,,discussion needed,needed,legacy-derived,Atmosphere,Atmosphere:59,(Ruler for) rain gauge,
http://codes.wmo.int/wmdr/ObservingMethod/graduatedScaleWaterLevelMeasurement,graduatedScaleWaterLevelMeasurement,Graduated-scale water-level measurement,Direct determination of water level by reading a calibrated vertical or inclined scale.,discussion needed,drafted,legacy-derived,Terrestrial,Terrestrial:349; Terrestrial:350; Terrestrial:422,Staff gauge; Inclined gauge,Consolidates 3 legacy entries.
http://codes.wmo.int/wmdr/ObservingMethod/gravimetricPrecipitationMeasurement,gravimetricPrecipitationMeasurement,Gravimetric precipitation measurement,Determination of accumulated precipitation from the measured mass of collected precipitation.,discussion needed,drafted,legacy-derived,Atmosphere,Atmosphere:212,Weighing type rain gauge (totalizer),
http://codes.wmo.int/wmdr/ObservingMethod/gravimetricSnowWaterEquivalentMeasurement,gravimetricSnowWaterEquivalentMeasurement,Gravimetric snow-water-equivalent measurement,Determination of snow water equivalent from the measured mass of the snow cover over a known area.,discussion needed,drafted,legacy-derived,Terrestrial,Terrestrial:262,Snow pillows and snow scales,
http://codes.wmo.int/wmdr/ObservingMethod/hygrometry,hygrometry,Hygrometry,,discussion needed,needed,legacy-derived,Atmosphere,Atmosphere:254,Hygrometer [general],
http://codes.wmo.int/wmdr/ObservingMethod/inductiveConductivityMeasurement,inductiveConductivityMeasurement,Inductive conductivity measurement,Determination of electrical conductivity from inductive or electromagnetic coupling without direct conductive electrodes.,discussion needed,drafted,legacy-derived,Ocean,Ocean:405,Inductivity,
http://codes.wmo.int/wmdr/ObservingMethod/infraredRadiometry,infraredRadiometry,Infrared radiometry,Radiometric measurement in the infrared spectral region.,discussion needed,drafted,legacy-derived,Atmosphere,Atmosphere:179; Atmosphere:265,"Pyranometer (measurement of IR radiation); Pyrgeometer (global, infrared)","Consolidates 2 legacy entries. Legacy dispositions: merge, rename."
http://codes.wmo.int/wmdr/ObservingMethod/infraredSpectroradiometry,infraredSpectroradiometry,Infrared spectroradiometry,,discussion needed,needed,legacy-derived,Atmosphere,Atmosphere:314,IR spectrometry-radiometry [general],
http://codes.wmo.int/wmdr/ObservingMethod/interferometry,interferometry,Interferometry,,discussion needed,needed,legacy-derived,Atmosphere,Atmosphere:136,Interferential method,
http://codes.wmo.int/wmdr/ObservingMethod/ionChromatography,ionChromatography,Ion chromatography,Chromatographic separation and determination of ionic species.,discussion needed,drafted,legacy-derived,Atmosphere,Atmosphere:137; Atmosphere:222; Atmosphere:281; Atmosphere:283; Atmosphere:292; Atmosphere:304,Ion Chromatography (IC) [general]; Monitor for AeRosols and GAses (MARGA); Filter sampling + combustion + IC; Filter sampling + extraction + IC; Monitor for AeRosols and GAses (MARGA) Metrohm; H2O2 conversion - IC,"Consolidates 6 legacy entries. Legacy dispositions: merge, rename, split."
http://codes.wmo.int/wmdr/ObservingMethod/laserInducedBreakdownSpectroscopy,laserInducedBreakdownSpectroscopy,Laser-induced breakdown spectroscopy,Elemental spectroscopic analysis based on optical emission from a laser-induced plasma.,discussion needed,drafted,missing-candidate,,,,Widely used environmental and remote analytical spectroscopy method absent from the current lists.
http://codes.wmo.int/wmdr/ObservingMethod/lightAttenuationPhotometry,lightAttenuationPhotometry,Light-attenuation photometry,Photometric determination based on attenuation of light by a sample or collected material.,discussion needed,drafted,legacy-derived,Atmosphere,Atmosphere:220; Atmosphere:224,Filter + light attenuation (aethalometer); Particle soot absorption photometry (PSAP),"Consolidates 2 legacy entries. Legacy dispositions: merge, split."
http://codes.wmo.int/wmdr/ObservingMethod/liquidColumnPressureMeasurement,liquidColumnPressureMeasurement,Liquid-column pressure measurement,Determination of pressure from the height of a non-mercury liquid column.,discussion needed,drafted,legacy-derived,Atmosphere,Atmosphere:74,"Barometer, mercury-free column",
http://codes.wmo.int/wmdr/ObservingMethod/lithiumChlorideHygrometry,lithiumChlorideHygrometry,Lithium-chloride hygrometry,,discussion needed,needed,legacy-derived,Atmosphere,Atmosphere:252,Lithium chloride (LiCl),
http://codes.wmo.int/wmdr/ObservingMethod/lymanAlphaFluorescenceHygrometry,lymanAlphaFluorescenceHygrometry,Lyman-alpha fluorescence hygrometry,Detection of UV fluorescence signal emitted by the excited OH radical produced from H2O after dissociation using UV light.,discussion needed,inherited,legacy-derived,Atmosphere,Atmosphere:257,UV fluorescence-based hygrometer (Lyman-α),
http://codes.wmo.int/wmdr/ObservingMethod/lysimetry,lysimetry,Lysimetry,Determination of water balance components from changes in mass or water content of a defined soil or vegetation volume.,discussion needed,drafted,legacy-derived,Atmosphere,Atmosphere:146,Lysimeter,
http://codes.wmo.int/wmdr/ObservingMethod/manualWaterLevelMeasurement,manualWaterLevelMeasurement,Manual water-level measurement,Manual determination of water level using a non-recording reference or gauge.,discussion needed,drafted,legacy-derived,Terrestrial,Terrestrial:348; Terrestrial:421,Non-recording gauge,Consolidates 2 legacy entries.
http://codes.wmo.int/wmdr/ObservingMethod/maximumStageMarkMeasurement,maximumStageMarkMeasurement,Maximum-stage mark measurement,"Determination of the elevation of the flood crest by the adherence of regranulated cork to a graduated staff held in a fixed position with relation to the datum. [Based on 'maximum-stage gauge' in Guide to Hydrological Practices (WMO-No. 168), Volume I. 2008 edition, updated in 2020.]",discussion needed,inherited,legacy-derived,Terrestrial,Terrestrial:353,Maximum-stage gauge,
http://codes.wmo.int/wmdr/ObservingMethod/membranePolarographicOxygenMeasurement,membranePolarographicOxygenMeasurement,Membrane-polarographic oxygen measurement,Determination of dissolved oxygen by membrane-separated polarographic electrochemical measurement.,discussion needed,drafted,legacy-derived,Ocean,Ocean:409,Clark electrode polarographic method,
http://codes.wmo.int/wmdr/ObservingMethod/microbarometry,microbarometry,Microbarometry,Measurement of small atmospheric pressure variations.,discussion needed,drafted,legacy-derived,Atmosphere,Atmosphere:150,Microbarometer (dewar),
http://codes.wmo.int/wmdr/ObservingMethod/microscopy,microscopy,Microscopy,"Observation and measurement of structures or organisms using magnified optical, electron or scanning-probe imaging.",discussion needed,drafted,missing-candidate,,,,Candidate biological/chemical method for a domain-independent list.
http://codes.wmo.int/wmdr/ObservingMethod/microwaveRadiometry,microwaveRadiometry,Microwave radiometry,Determination of a measurand from naturally emitted or transmitted microwave radiation.,discussion needed,drafted,legacy-derived,Atmosphere,Atmosphere:154; Atmosphere:155; Atmosphere:156; Atmosphere:336,Microwave profiler; Microwave radiometry,Consolidates 4 legacy entries.
http://codes.wmo.int/wmdr/ObservingMethod/molecularAssay,molecularAssay,Molecular assay,"Detection or quantification of biological or chemical targets using molecular recognition, amplification or sequence-based techniques.",discussion needed,drafted,missing-candidate,,,,Broad candidate parent method; likely requires narrower concepts before adoption.
http://codes.wmo.int/wmdr/ObservingMethod/navigationAidRadiosondeTracking,navigationAidRadiosondeTracking,Navigation-aid radiosonde tracking,,discussion needed,needed,legacy-derived,Atmosphere,Atmosphere:327,Radiosonde with NAVAID,
http://codes.wmo.int/wmdr/ObservingMethod/neutronModerationMoistureMeasurement,neutronModerationMoistureMeasurement,Neutron-moderation moisture measurement,Measurement of the moisture content and hence the porosity of a geological formation by means of lowering a tool containing a radioactive element emitting neutrons and a neutron detector into a borehole. [Based on 'neutron logging' in International Glossary of Hydrology (WMO-No. 385). 2012 edition.],discussion needed,inherited,legacy-derived,Terrestrial,Terrestrial:159,Neutron probe,
http://codes.wmo.int/wmdr/ObservingMethod/opticalAttenuationMeasurement,opticalAttenuationMeasurement,Optical attenuation measurement,Determination of a property from attenuation of visible or near-visible optical radiation through a medium.,discussion needed,drafted,legacy-derived,Terrestrial,Terrestrial:370,Optical or nuclear suspended-sediment gauge,
http://codes.wmo.int/wmdr/ObservingMethod/opticalBackscatterMeasurement,opticalBackscatterMeasurement,Optical backscatter measurement,Determination of a property from the intensity of light scattered back toward the source or detector.,discussion needed,drafted,legacy-derived,Atmosphere; Ocean,Atmosphere:228; Ocean:400,"Aerosol backscatter sonde; Fluorometry, optical backscattering","Consolidates 2 legacy entries. Legacy dispositions: rename, split."
http://codes.wmo.int/wmdr/ObservingMethod/opticalHygrometry,opticalHygrometry,Optical hygrometry,,discussion needed,needed,legacy-derived,Atmosphere,Atmosphere:256,Optical hygrometer,
http://codes.wmo.int/wmdr/ObservingMethod/opticalParticleCounting,opticalParticleCounting,Optical particle counting,"Counting and, where applicable, sizing of particles from their optical scattering or extinction signals.",discussion needed,drafted,legacy-derived,Atmosphere,Atmosphere:240,Optical particle counter (OPC),
http://codes.wmo.int/wmdr/ObservingMethod/panEvaporationMeasurement,panEvaporationMeasurement,Pan evaporation measurement,Determination of evaporation from the change in water level or volume in an exposed pan or tank.,discussion needed,drafted,legacy-derived,Atmosphere,Atmosphere:113,Evaporation pan and-or tank,
http://codes.wmo.int/wmdr/ObservingMethod/photogrammetry,photogrammetry,Photogrammetry,Determination of geometric or physical properties from measurements in one or more images.,discussion needed,drafted,missing-candidate,,,,Domain-independent image-based measurement method.
http://codes.wmo.int/wmdr/ObservingMethod/piezoresistivePressureMeasurement,piezoresistivePressureMeasurement,Piezoresistive pressure measurement,Determination of pressure from the change in electrical resistance of a material or transducer under mechanical stress.,discussion needed,drafted,legacy-derived,Atmosphere; Ocean,Atmosphere:111; Ocean:406,Electronic pressure transducer (silicon diaphragm); Piezoresistivity,Consolidates 2 legacy entries.
http://codes.wmo.int/wmdr/ObservingMethod/platinumResistanceThermometry,platinumResistanceThermometry,Platinum resistance thermometry,Determination of temperature from the calibrated electrical resistance of a platinum sensing element.,discussion needed,drafted,missing-candidate,,,,Widely used reference-quality and operational temperature method; narrower than generic resistance thermometry.
http://codes.wmo.int/wmdr/ObservingMethod/pointGaugeWaterLevelMeasurement,pointGaugeWaterLevelMeasurement,Point-gauge water-level measurement,"Level measurement gauge, the essential element of which is a pointed rod that is lowered until it touches the water surface. [International Glossary of Hydrology (WMO-No. 385). 2012 edition.]",discussion needed,inherited,legacy-derived,Terrestrial,Terrestrial:352,Point gauge,
http://codes.wmo.int/wmdr/ObservingMethod/polarimetricRadar,polarimetricRadar,Polarimetric radar,Radar measurement using differences in the polarization state of transmitted and received electromagnetic radiation.,discussion needed,drafted,missing-candidate,,,,Important modern radar method distinct from generic radar and Doppler velocity measurement.
http://codes.wmo.int/wmdr/ObservingMethod/potassiumIodideElectrochemicalOzoneMeasurement,potassiumIodideElectrochemicalOzoneMeasurement,Potassium-iodide electrochemical ozone measurement,Electrochemical ozone measurement based on reaction of ozone with aqueous potassium iodide in an ozonesonde-type cell.,discussion needed,drafted,legacy-derived,Atmosphere,Atmosphere:79; Atmosphere:80; Atmosphere:84; Atmosphere:135,Brewer-GDR; Brewer-Mast Sonde; Carbon-Iodine Sonde (KC Sonde); Indian Sonde,Consolidates 4 legacy entries.
http://codes.wmo.int/wmdr/ObservingMethod/potassiumIodideOzoneMeasurement,potassiumIodideOzoneMeasurement,Potassium-iodide ozone measurement,,discussion needed,needed,legacy-derived,Atmosphere,Atmosphere:171,Potassium iodide (KI) method,
http://codes.wmo.int/wmdr/ObservingMethod/potentiometry,potentiometry,Potentiometry,Electrochemical determination of a measurand from the electrical potential difference between an indicator electrode or sensor and a reference electrode.,discussion needed,drafted,legacy-derived,Atmosphere; Ocean,Atmosphere:172; Atmosphere:173; Ocean:411,Potentiometry (ion-selective electrode); Potentiometry (pH meter); Potentiometric method,Consolidates 3 legacy entries.
http://codes.wmo.int/wmdr/ObservingMethod/pressurePlateAnemometry,pressurePlateAnemometry,Pressure-plate anemometry,,discussion needed,needed,legacy-derived,Atmosphere,Atmosphere:175,Pressure plate (solid blade),
http://codes.wmo.int/wmdr/ObservingMethod/pressureTubeAnemometry,pressureTubeAnemometry,Pressure-tube anemometry,,discussion needed,needed,legacy-derived,Atmosphere,Atmosphere:176,Pressure tube,
http://codes.wmo.int/wmdr/ObservingMethod/propellerVelocityMeasurement,propellerVelocityMeasurement,Propeller velocity measurement,Determination of fluid velocity from the rotation rate of a propeller or vane rotor aligned with the flow.,discussion needed,drafted,legacy-derived,Atmosphere; Terrestrial,Atmosphere:63; Atmosphere:177; Terrestrial:366,Aerovane (wind vane with propeller); Propeller anemometer; Propeller-type current meter,"Consolidates 3 legacy entries. Legacy dispositions: merge, split."
http://codes.wmo.int/wmdr/ObservingMethod/psychrometry,psychrometry,Psychrometry,"Determination of humidity from paired temperature measurements, commonly dry-bulb and ventilated wet-bulb temperatures.",discussion needed,drafted,legacy-derived,Atmosphere,Atmosphere:340,Wet-bulb thermometer,
http://codes.wmo.int/wmdr/ObservingMethod/radarProfiling,radarProfiling,Radar profiling,Determination of a vertical or slanted profile from radar returns.,discussion needed,drafted,legacy-derived,Atmosphere,Atmosphere:184,Radio detection and ranging (Radar) profiler,
http://codes.wmo.int/wmdr/ObservingMethod/radarRemoteSensing,radarRemoteSensing,Radar remote sensing,Remote sensing using transmitted radio-frequency electromagnetic radiation and analysis of the returned signal.,discussion needed,drafted,legacy-derived,Atmosphere,Atmosphere:183,Radio detection and ranging (Radar),
http://codes.wmo.int/wmdr/ObservingMethod/radiochemicalMethods,radiochemicalMethods,Radiochemical methods,,discussion needed,needed,legacy-derived,Atmosphere,Atmosphere:185,Radiochemical Methods [general],
http://codes.wmo.int/wmdr/ObservingMethod/resistanceBasedMoistureMeasurement,resistanceBasedMoistureMeasurement,Resistance-based moisture measurement,"Determination of electrical resistance between two electrodes embedded in blocks of a porous material buried in the ground and in equilibrium with the surrounding moist soil. [Based on 'porous blocks/electrical resistance blocks' in Guide to Hydrological Practices (WMO-No. 168), Volume II. 2009 edition.]",discussion needed,inherited,legacy-derived,Terrestrial,Terrestrial:187,Electrical resistance blocks (Porous blocks),
http://codes.wmo.int/wmdr/ObservingMethod/resonantPressureMeasurement,resonantPressureMeasurement,Resonant pressure measurement,Determination of pressure from pressure-induced changes in the resonant frequency of a mechanical or acoustic element.,discussion needed,drafted,missing-candidate,,,,Common modern pressure-transduction principle.
http://codes.wmo.int/wmdr/ObservingMethod/rotatingCupVelocityMeasurement,rotatingCupVelocityMeasurement,Rotating-cup velocity measurement,Determination of fluid velocity from the rotation rate of a cup rotor exposed to the flow.,discussion needed,drafted,legacy-derived,Atmosphere; Terrestrial,Atmosphere:95; Atmosphere:96; Terrestrial:365,Cup anemometer; Cup anemometer (3 or 4 cups); Cup-type current meter,Consolidates 3 legacy entries.
http://codes.wmo.int/wmdr/ObservingMethod/satelliteNavigationAtmosphericDelay,satelliteNavigationAtmosphericDelay,Satellite-navigation atmospheric-delay measurement,Determination of atmospheric properties from propagation delays in signals from navigation satellites.,discussion needed,drafted,missing-candidate,,,,Covers atmospheric water-vapour and related retrievals without embedding a particular navigation-system acronym.
http://codes.wmo.int/wmdr/ObservingMethod/satelliteNavigationPositionDifferencing,satelliteNavigationPositionDifferencing,Satellite-navigation position differencing,Determination of displacement or velocity from differences between successive satellite-navigation position fixes.,discussion needed,drafted,legacy-derived,Ocean,Ocean:408,GPS fixes sequence comparison,
http://codes.wmo.int/wmdr/ObservingMethod/satelliteNavigationReflectometry,satelliteNavigationReflectometry,Satellite-navigation reflectometry,Determination of surface or near-surface properties from reflected signals transmitted by navigation satellites.,discussion needed,drafted,missing-candidate,,,,"Modern remote-sensing method applicable across ocean, cryosphere, land and atmosphere."
http://codes.wmo.int/wmdr/ObservingMethod/satelliteRadioOccultation,satelliteRadioOccultation,Satellite radio occultation,Determination of atmospheric or ionospheric properties from changes in a radio signal as the propagation path passes through the limb of a planetary atmosphere.,discussion needed,drafted,missing-candidate,,,,Important profiling method not explicit in the current observing-method tables.
http://codes.wmo.int/wmdr/ObservingMethod/scanningMobilityParticleSizing,scanningMobilityParticleSizing,Scanning-mobility particle sizing,,discussion needed,needed,legacy-derived,Atmosphere,Atmosphere:241,Scanning mobility particle sizer (SMPS),
http://codes.wmo.int/wmdr/ObservingMethod/scatterometry,scatterometry,Scatterometry,Visual range is calculated by measuring the return of light beam scattered by diffusion in air.,discussion needed,inherited,legacy-derived,Atmosphere,Atmosphere:190,Scatterometer,
http://codes.wmo.int/wmdr/ObservingMethod/scintillationCounting,scintillationCounting,Scintillation counting,Determination of ionizing-radiation events from light pulses produced in a scintillating material.,discussion needed,drafted,legacy-derived,Atmosphere,Atmosphere:62,Adsorption - scintillation counting,
http://codes.wmo.int/wmdr/ObservingMethod/separationAndManometricDetermination,separationAndManometricDetermination,Separation and manometric determination,,discussion needed,needed,legacy-derived,Atmosphere,Atmosphere:191,Separation + manometric determination,
http://codes.wmo.int/wmdr/ObservingMethod/soundDetectionAndRangingProfiling,soundDetectionAndRangingProfiling,Sound detection and ranging profiling,Profiling by transmission and reception of acoustic signals in the atmosphere.,discussion needed,drafted,legacy-derived,Atmosphere,Atmosphere:196,Sound detection and ranging (Sodar) profiler,
http://codes.wmo.int/wmdr/ObservingMethod/sunPhotometry,sunPhotometry,Sun photometry,"Photometric measurement of direct solar radiation, typically in selected spectral bands.",discussion needed,drafted,legacy-derived,Atmosphere,Atmosphere:151; Atmosphere:152; Atmosphere:153; Atmosphere:244,Microtops; Sun-tracking photometry,Consolidates 4 legacy entries.
http://codes.wmo.int/wmdr/ObservingMethod/surfaceChamberFluxMeasurement,surfaceChamberFluxMeasurement,Surface-chamber flux measurement,"Determination of a surface-atmosphere flux from accumulation, depletion or flow through a chamber enclosing a defined surface area.",discussion needed,drafted,legacy-derived,Atmosphere,Atmosphere:199,Surface chamber,
http://codes.wmo.int/wmdr/ObservingMethod/tensiometricSoilWaterPotentialMeasurement,tensiometricSoilWaterPotentialMeasurement,Tensiometric soil-water-potential measurement,"Measurement of soil capillary tension by means of a porous cup, inserted in the soil, connected to a manometer by a water-filled tube. [Based on 'tensiometer' in International Glossary of Hydrology (WMO-No. 385). 2012 edition.]",discussion needed,inherited,legacy-derived,Terrestrial,Terrestrial:200,Tensiometer,
http://codes.wmo.int/wmdr/ObservingMethod/thermalDiffusionCloudActivation,thermalDiffusionCloudActivation,Thermal-diffusion cloud activation measurement,,discussion needed,needed,legacy-derived,Atmosphere,Atmosphere:242,Twomey static thermal diffusion chamber,
http://codes.wmo.int/wmdr/ObservingMethod/thermoelectricMeasurement,thermoelectricMeasurement,Thermoelectric measurement,,discussion needed,needed,legacy-derived,Atmosphere,Atmosphere:201,"Thermocouple, thermopile",
http://codes.wmo.int/wmdr/ObservingMethod/thermoelectricThermometry,thermoelectricThermometry,Thermoelectric thermometry,Determination of temperature from thermoelectric voltage generated by a junction or junction pair.,discussion needed,drafted,missing-candidate,,,,Provides a method-level concept for thermocouple temperature observations.
http://codes.wmo.int/wmdr/ObservingMethod/thermometry,thermometry,Thermometry,Measurement of temperature without specifying a narrower sensing principle.,discussion needed,drafted,legacy-derived,Terrestrial,Terrestrial:194,Soil thermometer,
http://codes.wmo.int/wmdr/ObservingMethod/thermoOpticalAnalysis,thermoOpticalAnalysis,Thermo-optical analysis,Thermal analysis combined with optical monitoring to separate or quantify sample components.,discussion needed,drafted,legacy-derived,Atmosphere,Atmosphere:225,Thermo-optical analyzer (Sunset Labs),
http://codes.wmo.int/wmdr/ObservingMethod/TILDAS,TILDAS,Tunable infrared laser differential-absorption spectroscopy (TILDAS),Tunable Infrared Laser Differential Absorption Spectroscopy (TILDAS).,discussion needed,inherited,legacy-derived,Atmosphere,Atmosphere:347,Tunable Infrared Laser Differential Absorption Spectroscopy (TILDAS),
http://codes.wmo.int/wmdr/ObservingMethod/tippingBucketPrecipitationMeasurement,tippingBucketPrecipitationMeasurement,Tipping-bucket precipitation measurement,,discussion needed,needed,legacy-derived,Atmosphere,Atmosphere:204,Tipping bucket rain gauge (totalizer),
http://codes.wmo.int/wmdr/ObservingMethod/visualWindEstimation,visualWindEstimation,Visual wind estimation,,discussion needed,needed,legacy-derived,Atmosphere,Atmosphere:214,Wind sock (textile tube),
http://codes.wmo.int/wmdr/ObservingMethod/volumetricMeasurement,volumetricMeasurement,Volumetric measurement,"A process for measuring the discharge of a well, spring, or stream by diverting its flow into a volumetric container and timing the fill.",discussion needed,inherited,legacy-derived,Atmosphere; Terrestrial,Atmosphere:211; Terrestrial:375,Volumetric measurement; Volumetric method,Consolidates 2 legacy entries.
http://codes.wmo.int/wmdr/ObservingMethod/weirDischargeMeasurement,weirDischargeMeasurement,Weir discharge measurement,Determination of discharge from the hydraulic relation between head and flow at a calibrated weir.,discussion needed,drafted,legacy-derived,Terrestrial,Terrestrial:361,Measuring weir,
http://codes.wmo.int/wmdr/ObservingMethod/wetChemicalMethods,wetChemicalMethods,Wet-chemical methods,,discussion needed,needed,legacy-derived,Atmosphere,Atmosphere:213,Wet Chemical Methods [general],
http://codes.wmo.int/wmdr/ObservingMethod/windVaneDirectionMeasurement,windVaneDirectionMeasurement,Wind-vane direction measurement,,discussion needed,needed,legacy-derived,Atmosphere,Atmosphere:63; Atmosphere:215,Aerovane (wind vane with propeller); Wind vane (solid blade),"Consolidates 2 legacy entries. Legacy dispositions: rename, split."
http://codes.wmo.int/wmdr/ObservingMethod/wireWeightWaterLevelMeasurement,wireWeightWaterLevelMeasurement,Wire-weight water-level measurement,Determination of water stage by means of a fine cable or wire attached to a weight which is lowered to the water surface in order to determine its position below a fixed above-surface point. [Based on 'wire weight gauge' in International Glossary of Hydrology (WMO-No. 385). 2012 edition.],discussion needed,inherited,legacy-derived,Terrestrial,Terrestrial:351,Wire-weight gauge,
http://codes.wmo.int/wmdr/ObservingMethod/xRayAttenuationMeasurement,xRayAttenuationMeasurement,X-ray attenuation measurement,Determination of a property from attenuation of X-radiation through a medium.,discussion needed,drafted,legacy-derived,Terrestrial,Terrestrial:370,Optical or nuclear suspended-sediment gauge,
http://codes.wmo.int/wmdr/ObservingMethod/acousticDopplerVelocimetry,acousticDopplerVelocimetry,Acoustic-Doppler velocimetry,Determination of fluid velocity from the Doppler shift of acoustic signals scattered by material moving with the fluid.,non-controversial,drafted,legacy-derived,Terrestrial,Terrestrial:369; Terrestrial:378,Acoustic doppler current meter; Acoustic doppler velocity meter (ADVM),Consolidates 2 legacy entries.
http://codes.wmo.int/wmdr/ObservingMethod/alphaCounting,alphaCounting,Alpha counting,Counting of alpha-particle events.,non-controversial,drafted,legacy-derived,Atmosphere,Atmosphere:64; Atmosphere:115; Atmosphere:346,Alpha counting; Filter sampling + alpha counting; Electrostatic collection + alpha counting,"Consolidates 3 legacy entries. Legacy dispositions: rename, split."
http://codes.wmo.int/wmdr/ObservingMethod/aneroidPressureMeasurement,aneroidPressureMeasurement,Aneroid pressure measurement,Determination of pressure from elastic deformation of an evacuated or partially evacuated capsule.,non-controversial,drafted,legacy-derived,Atmosphere,Atmosphere:66,Aneroid barometer (evacuated capsule),
http://codes.wmo.int/wmdr/ObservingMethod/atomicAbsorptionSpectrophotometry,atomicAbsorptionSpectrophotometry,Atomic absorption spectrophotometry,,non-controversial,needed,legacy-derived,Atmosphere,Atmosphere:70,Atomic absorption spectrophotometry (AAS),
http://codes.wmo.int/wmdr/ObservingMethod/atomicEmissionSpectrophotometry,atomicEmissionSpectrophotometry,Atomic emission spectrophotometry,,non-controversial,needed,legacy-derived,Atmosphere,Atmosphere:71,Atomic emission spectrophotometry (AES),
http://codes.wmo.int/wmdr/ObservingMethod/backscatterLidar,backscatterLidar,Backscatter lidar,Lidar measurement based on detection of radiation backscattered from the atmosphere or another medium.,non-controversial,drafted,legacy-derived,Atmosphere,Atmosphere:341,Backscatter lidar,
http://codes.wmo.int/wmdr/ObservingMethod/bedMaterialDischargeRatingRelation,bedMaterialDischargeRatingRelation,Bed-material-discharge rating relation,"An empirical relationship relating bed-material discharge and streamflow based on correlation analysis of sediment samples and concurrent flow estimates and presented as a curve, table, or equation. [Based on 'sediment rating curve' in Guide to Hydrological Practices (WMO-No. 168), Volume I. 2008 edition, updated in 2020.]",non-controversial,inherited,legacy-derived,Terrestrial,Terrestrial:374,Water discharge-bed material rating curve,
http://codes.wmo.int/wmdr/ObservingMethod/betaAttenuation,betaAttenuation,Beta attenuation,Determination of collected particulate mass from attenuation of beta radiation.,non-controversial,drafted,legacy-derived,Atmosphere,Atmosphere:219,"Filter + beta attenuation (betameter, beta gauge)",
http://codes.wmo.int/wmdr/ObservingMethod/betaCounting,betaCounting,Beta counting,Counting of beta-particle events.,non-controversial,drafted,legacy-derived,Atmosphere,Atmosphere:75,Beta counting,
http://codes.wmo.int/wmdr/ObservingMethod/bimetallicThermometry,bimetallicThermometry,Bimetallic thermometry,Determination of temperature from differential thermal expansion of bonded metals.,non-controversial,drafted,legacy-derived,Atmosphere,Atmosphere:76,Bimetal thermometer,
http://codes.wmo.int/wmdr/ObservingMethod/boilingPointHypsometry,boilingPointHypsometry,Boiling-point hypsometry,Determination of pressure or elevation from the boiling temperature of a liquid.,non-controversial,drafted,legacy-derived,Atmosphere,Atmosphere:132,Hypsometer (water boiling point),
http://codes.wmo.int/wmdr/ObservingMethod/bowenRatioMethod,bowenRatioMethod,Bowen-ratio method,,non-controversial,needed,legacy-derived,Atmosphere,Atmosphere:77,Bowen-ratio method,
http://codes.wmo.int/wmdr/ObservingMethod/capacitiveHumidityMeasurement,capacitiveHumidityMeasurement,Capacitive humidity measurement,Determination of humidity from changes in electrical capacitance of a humidity-sensitive material.,non-controversial,drafted,legacy-derived,Atmosphere,Atmosphere:250,Thin film capacitance,
http://codes.wmo.int/wmdr/ObservingMethod/capillaryElectrophoresis,capillaryElectrophoresis,Capillary electrophoresis,,non-controversial,needed,legacy-derived,Atmosphere,Atmosphere:83,Capillary electrophoresis (CE),
http://codes.wmo.int/wmdr/ObservingMethod/cavityEnhancedAbsorptionSpectroscopy,cavityEnhancedAbsorptionSpectroscopy,Cavity-enhanced absorption spectroscopy,,non-controversial,needed,legacy-derived,Atmosphere,Atmosphere:306,Cavity-enhanced absorption spectroscopy (CEAS),
http://codes.wmo.int/wmdr/ObservingMethod/cavityRingDownSpectroscopy,cavityRingDownSpectroscopy,Cavity ring-down spectroscopy,,non-controversial,needed,legacy-derived,Atmosphere,Atmosphere:305,Cavity ring-down spectroscopy (CRDS),
http://codes.wmo.int/wmdr/ObservingMethod/chemicalIonizationMassSpectrometryMatrixIsolation,chemicalIonizationMassSpectrometryMatrixIsolation,Chemical-ionization mass spectrometry with matrix isolation,,non-controversial,needed,legacy-derived,Atmosphere,Atmosphere:312,Chemical ionization MS (CIMS) with matrix isolation,
http://codes.wmo.int/wmdr/ObservingMethod/chilledMirrorHygrometry,chilledMirrorHygrometry,Chilled-mirror hygrometry,Determination of dew- or frost-point temperature by controlling a reflective surface at the onset of condensation or frost.,non-controversial,drafted,legacy-derived,Atmosphere,Atmosphere:251,Chilled mirror,
http://codes.wmo.int/wmdr/ObservingMethod/colorimetricTitration,colorimetricTitration,Colorimetric titration,,non-controversial,needed,legacy-derived,Atmosphere,Atmosphere:88,Colorimetric titration [general],
http://codes.wmo.int/wmdr/ObservingMethod/colorimetry,colorimetry,Colorimetry,Chemical determination based on measurement of colour or optical absorbance produced by a reaction.,non-controversial,drafted,legacy-derived,Atmosphere,Atmosphere:278,Colorimetry [general],
http://codes.wmo.int/wmdr/ObservingMethod/differentialAbsorptionLidar,differentialAbsorptionLidar,Differential-absorption lidar,"Light detection and ranging (lidar) with differential absorption lidar (DIAL) capability, typically used for trace gas measurements, most notably ozone and water vapor. This technique can be extended to molecules which have suitably defined differential absorption characteristics.",non-controversial,inherited,legacy-derived,Atmosphere,Atmosphere:335,Differential absorption lidar (DIAL),
http://codes.wmo.int/wmdr/ObservingMethod/dilutionGauging,dilutionGauging,Dilution gauging,Determination of discharge from dilution of an introduced tracer.,non-controversial,drafted,legacy-derived,Terrestrial,Terrestrial:359,Dilution gauging,
http://codes.wmo.int/wmdr/ObservingMethod/directSolarRadiometry,directSolarRadiometry,Direct-solar radiometry,Radiometric measurement of direct-beam solar irradiance.,non-controversial,drafted,legacy-derived,Atmosphere,Atmosphere:264,"Pyrheliometer (direct solar, broadband)",
http://codes.wmo.int/wmdr/ObservingMethod/disjunctEddyCovariance,disjunctEddyCovariance,Disjunct eddy covariance,,non-controversial,needed,legacy-derived,Atmosphere,Atmosphere:103,Disjunct eddy covariance method,
http://codes.wmo.int/wmdr/ObservingMethod/dopplerWindLidar,dopplerWindLidar,Doppler wind lidar,"Light detection and ranging (lidar) with Doppler capability (direct and coherent mode), typically used for measurements of winds.",non-controversial,inherited,legacy-derived,Atmosphere,Atmosphere:142,Doppler wind lidar,
http://codes.wmo.int/wmdr/ObservingMethod/echoSounding,echoSounding,Echo sounding,"Evaluation of the return time of acoustic waves emitted into a medium to determine the distance between source and target. This method is used in hydrology, for example, to determine the depth of a water body. [Based on 'echo sounder' in International Glossary of Hydrology (WMO-No. 385). 2012 edition.]",non-controversial,inherited,legacy-derived,Terrestrial,Terrestrial:345,Echo sounding,
http://codes.wmo.int/wmdr/ObservingMethod/eddyAccumulation,eddyAccumulation,Eddy accumulation,,non-controversial,needed,legacy-derived,Atmosphere,Atmosphere:108,Eddy accumulation method,
http://codes.wmo.int/wmdr/ObservingMethod/eddyCovariance,eddyCovariance,Eddy covariance,,non-controversial,needed,legacy-derived,Atmosphere,Atmosphere:109,Eddy covariance method,
http://codes.wmo.int/wmdr/ObservingMethod/electricalConductivityMeasurement,electricalConductivityMeasurement,Electrical conductivity measurement,Determination of the electrical conductivity of a medium from its electrical response.,non-controversial,drafted,legacy-derived,Atmosphere; Ocean,Atmosphere:94; Atmosphere:110; Ocean:404,Conductometry; Electric conductivity (EC meter); Electrical conductivity,Consolidates 3 legacy entries.
http://codes.wmo.int/wmdr/ObservingMethod/electricalMobilityAnalysis,electricalMobilityAnalysis,Electrical-mobility analysis,Determination or classification of charged-particle size from electrical mobility.,non-controversial,drafted,legacy-derived,Atmosphere,Atmosphere:236,Electric mobility [general],
http://codes.wmo.int/wmdr/ObservingMethod/electricalResistivityMeasurement,electricalResistivityMeasurement,Electrical resistivity measurement,Determination of electrical resistivity of a medium.,non-controversial,drafted,legacy-derived,Ocean,Ocean:403,Electrical resistivity,
http://codes.wmo.int/wmdr/ObservingMethod/electromagneticVelocimetry,electromagneticVelocimetry,Electromagnetic velocimetry,Determination of conductive-fluid velocity from an electromotive response generated by motion through a magnetic field.,non-controversial,drafted,legacy-derived,Terrestrial,Terrestrial:376,Electromagnetic current meter,
http://codes.wmo.int/wmdr/ObservingMethod/filterSunPhotometry,filterSunPhotometry,Filter sun photometry,Sun photometry in discrete spectral bands selected by optical filters.,non-controversial,drafted,legacy-derived,Atmosphere,Atmosphere:197,Sunphotometry-Filter Radiometry,
http://codes.wmo.int/wmdr/ObservingMethod/flameIonizationDetection,flameIonizationDetection,Flame-ionization detection,,non-controversial,needed,legacy-derived,Atmosphere,Atmosphere:119,Flame-ionization detector (FID),
http://codes.wmo.int/wmdr/ObservingMethod/floatGauging,floatGauging,Float gauging,Determination of stream velocity from the transit time of a float or velocity rod.,non-controversial,drafted,legacy-derived,Terrestrial,Terrestrial:358,Float gauging,
http://codes.wmo.int/wmdr/ObservingMethod/floatWaterLevelMeasurement,floatWaterLevelMeasurement,Float water-level measurement,Determination of water level from the position of a float that follows the water surface.,non-controversial,drafted,legacy-derived,Terrestrial,Terrestrial:355,Wire-float recording gauge (hydrograph),
http://codes.wmo.int/wmdr/ObservingMethod/flowInjectionAnalysis,flowInjectionAnalysis,Flow-injection analysis,Chemical analysis in which a sample is injected into a flowing carrier stream and transported to a detector.,non-controversial,drafted,legacy-derived,Atmosphere,Atmosphere:121,Flow injection analyzer (FIA),
http://codes.wmo.int/wmdr/ObservingMethod/fluxVarianceMethod,fluxVarianceMethod,Flux-variance method,,non-controversial,needed,legacy-derived,Atmosphere,Atmosphere:123,Flux variance method,
http://codes.wmo.int/wmdr/ObservingMethod/frequencyDomainReflectometry,frequencyDomainReflectometry,Frequency-domain reflectometry,Determination of dielectric properties from the response of a medium to radio-frequency excitation in the frequency domain.,non-controversial,drafted,legacy-derived,Terrestrial,Terrestrial:346; Terrestrial:419,Frequency domain reflectometry,Consolidates 2 legacy entries.
http://codes.wmo.int/wmdr/ObservingMethod/gammaRayAttenuation,gammaRayAttenuation,Gamma-ray attenuation,Determination of a property from attenuation of gamma radiation through a medium.,non-controversial,drafted,legacy-derived,Terrestrial,Terrestrial:347; Terrestrial:420,Gamma-ray attenuation,Consolidates 2 legacy entries.
http://codes.wmo.int/wmdr/ObservingMethod/gammaSpectrometry,gammaSpectrometry,Gamma spectrometry,Spectrometric determination of gamma radiation as a function of photon energy.,non-controversial,drafted,legacy-derived,Atmosphere,Atmosphere:116,Filter sampling + gamma spectrometry,
http://codes.wmo.int/wmdr/ObservingMethod/gasChromatography,gasChromatography,Gas chromatography,Chromatographic separation in which the mobile phase is a gas.,non-controversial,drafted,legacy-derived,Atmosphere,Atmosphere:280; Atmosphere:297,Adsorption tube (charcoal) + elution + GC; Gas Chromatography (GC) [general],"Consolidates 2 legacy entries. Legacy dispositions: rename, split."
http://codes.wmo.int/wmdr/ObservingMethod/gasChromatographyColdVapourAtomicFluorescence,gasChromatographyColdVapourAtomicFluorescence,Gas chromatography with cold-vapour atomic fluorescence spectrometry,Gas chromatography and detection by cold vapour atomic fluorescence spectrometry.,non-controversial,inherited,legacy-derived,Atmosphere,Atmosphere:344; Atmosphere:417,GC-CVAFS,Consolidates 2 legacy entries.
http://codes.wmo.int/wmdr/ObservingMethod/gasChromatographyElectronCaptureDetection,gasChromatographyElectronCaptureDetection,Gas chromatography with electron-capture detection,,non-controversial,needed,legacy-derived,Atmosphere,Atmosphere:298,GC-ECD,
http://codes.wmo.int/wmdr/ObservingMethod/gasChromatographyElectronCaptureFlameIonization,gasChromatographyElectronCaptureFlameIonization,Gas chromatography with electron-capture and flame-ionization detection,,non-controversial,needed,legacy-derived,Atmosphere,Atmosphere:299,GC-ECD-FID,
http://codes.wmo.int/wmdr/ObservingMethod/gasChromatographyFlameIonizationDetection,gasChromatographyFlameIonizationDetection,Gas chromatography with flame-ionization detection,,non-controversial,needed,legacy-derived,Atmosphere,Atmosphere:301,GC-FID,
http://codes.wmo.int/wmdr/ObservingMethod/gasChromatographyMassSpectrometry,gasChromatographyMassSpectrometry,Gas chromatography–mass spectrometry,,non-controversial,needed,legacy-derived,Atmosphere,Atmosphere:303,GC-MS,
http://codes.wmo.int/wmdr/ObservingMethod/gasChromatographyThermalConductivityDetection,gasChromatographyThermalConductivityDetection,Gas chromatography with thermal-conductivity detection,Gas chromatography with detection by changes in thermal conductivity.,non-controversial,drafted,legacy-derived,Atmosphere,Atmosphere:345; Atmosphere:418,GC-TCD,Consolidates 2 legacy entries.
http://codes.wmo.int/wmdr/ObservingMethod/gasFilterCorrelationInfraredAbsorption,gasFilterCorrelationInfraredAbsorption,Gas-filter-correlation infrared absorption,Infrared absorption measurement using gas-filter correlation.,non-controversial,drafted,legacy-derived,Atmosphere,Atmosphere:349,IR-GFC,
http://codes.wmo.int/wmdr/ObservingMethod/globalSolarRadiometry,globalSolarRadiometry,Global-solar radiometry,Radiometric measurement of global short-wave solar irradiance.,non-controversial,drafted,legacy-derived,Atmosphere,Atmosphere:266,"Pyranometer (global solar, broadband)",
http://codes.wmo.int/wmdr/ObservingMethod/granColorimetricTitration,granColorimetricTitration,Gran colorimetric titration,,non-controversial,needed,legacy-derived,Atmosphere,Atmosphere:87,Colorimetric titration (Gran method),
http://codes.wmo.int/wmdr/ObservingMethod/gravimetricMoistureDetermination,gravimetricMoistureDetermination,Gravimetric moisture determination,Measurement of the amount of water in soil by weighing a sample before and after drying it in an oven at a temperature of 100-110 degrees Celsius. [Based on 'gravimetric method' in International Glossary of Hydrology (WMO-No. 385). 2012 edition.],non-controversial,inherited,legacy-derived,Terrestrial,Terrestrial:126,Gravimetric moisture determination,
http://codes.wmo.int/wmdr/ObservingMethod/gravimetricSedimentMeasurement,gravimetricSedimentMeasurement,Gravimetric sediment measurement,"Estimation of the total sediment in a water sample by allowing the sediment to settle in a container, siphoning off the supernatant water, carefully transferring all the sediment from the container on to filter paper, then drying the sample and determining the mass of total sediment. [Based on 'gravimetric method' in International Glossary of Hydrology (WMO-No. 385). 2012 edition.]",non-controversial,inherited,legacy-derived,Terrestrial,Terrestrial:371,Gravimetric sediment measurement,
http://codes.wmo.int/wmdr/ObservingMethod/gravimetry,gravimetry,Gravimetry,,non-controversial,needed,legacy-derived,Atmosphere,Atmosphere:127; Atmosphere:285,Gravimetry [general]; Filter sampling + gravimetry,"Consolidates 2 legacy entries. Legacy dispositions: rename, split."
http://codes.wmo.int/wmdr/ObservingMethod/griessColorimetry,griessColorimetry,Griess colorimetry,,non-controversial,needed,legacy-derived,Atmosphere,Atmosphere:272,Colorimetry (Griess),
http://codes.wmo.int/wmdr/ObservingMethod/hairHygrometry,hairHygrometry,Hair hygrometry,Determination of humidity from dimensional changes of hygroscopic hair or a similar organic element.,non-controversial,drafted,legacy-derived,Atmosphere,Atmosphere:253,Hair hygrometer-hygrograph,
http://codes.wmo.int/wmdr/ObservingMethod/highFrequencyRadarDopplerSpectralAnalysis,highFrequencyRadarDopplerSpectralAnalysis,High-frequency-radar Doppler spectral analysis,Determination of surface-current properties from Doppler spectra of high-frequency radar echoes.,non-controversial,drafted,legacy-derived,Ocean,Ocean:407,HF echo Doppler spectra analysis method (HR radar),
http://codes.wmo.int/wmdr/ObservingMethod/highPerformanceLiquidChromatography,highPerformanceLiquidChromatography,High-performance liquid chromatography,,non-controversial,needed,legacy-derived,Atmosphere,Atmosphere:129,High Performance Liquid Chromatography (HPLC),
http://codes.wmo.int/wmdr/ObservingMethod/highSpectralResolutionLidar,highSpectralResolutionLidar,High-spectral-resolution lidar,Lidar method that spectrally separates molecular and particulate backscatter to retrieve optical properties.,non-controversial,drafted,legacy-derived,Atmosphere,Atmosphere:342,High spectral resolution (HSR) lidar,
http://codes.wmo.int/wmdr/ObservingMethod/hotWireAnemometry,hotWireAnemometry,Hot-wire anemometry,Determination of fluid velocity from heat transfer from an electrically heated wire or element.,non-controversial,drafted,legacy-derived,Atmosphere,Atmosphere:130,Hot wire anemometer,
http://codes.wmo.int/wmdr/ObservingMethod/hydrostaticPressureWaterLevelMeasurement,hydrostaticPressureWaterLevelMeasurement,Hydrostatic-pressure water-level measurement,Determination of water level from hydrostatic pressure at a known reference elevation.,non-controversial,drafted,legacy-derived,Terrestrial,Terrestrial:356,Pressure-actuated recording gauge,
http://codes.wmo.int/wmdr/ObservingMethod/imageVelocimetry,imageVelocimetry,Image velocimetry,Determination of velocity from the displacement of identifiable image patterns or particles between successive images.,non-controversial,drafted,legacy-derived,Terrestrial,Terrestrial:381,image velocimetry,
http://codes.wmo.int/wmdr/ObservingMethod/indexVelocityDischargeMethod,indexVelocityDischargeMethod,Index-velocity discharge method,"Determination of discharge from an established relation between index velocity, mean velocity, stage and cross-sectional area.",non-controversial,drafted,legacy-derived,Terrestrial,Terrestrial:377,Stream index-velocity rating,
http://codes.wmo.int/wmdr/ObservingMethod/indophenolBerthelotColorimetry,indophenolBerthelotColorimetry,Indophenol (Berthelot) colorimetry,,non-controversial,needed,legacy-derived,Atmosphere,Atmosphere:273,"Colorimetry (indophenol, Bertholet)",
http://codes.wmo.int/wmdr/ObservingMethod/inductivelyCoupledPlasmaAtomicEmissionSpectrometry,inductivelyCoupledPlasmaAtomicEmissionSpectrometry,Inductively coupled plasma atomic-emission spectrometry,,non-controversial,needed,legacy-derived,Atmosphere,Atmosphere:133,ICP-AES,
http://codes.wmo.int/wmdr/ObservingMethod/inductivelyCoupledPlasmaMassSpectrometry,inductivelyCoupledPlasmaMassSpectrometry,Inductively coupled plasma mass spectrometry,,non-controversial,needed,legacy-derived,Atmosphere,Atmosphere:134,ICP-MS,
http://codes.wmo.int/wmdr/ObservingMethod/infraredAbsorptionHygrometry,infraredAbsorptionHygrometry,Infrared-absorption hygrometry,Determination of water-vapour amount from absorption of infrared radiation.,non-controversial,drafted,legacy-derived,Atmosphere,Atmosphere:255,IR absorption hygrometer,
http://codes.wmo.int/wmdr/ObservingMethod/integratedCavityOutputSpectroscopy,integratedCavityOutputSpectroscopy,Integrated-cavity-output spectroscopy,,non-controversial,needed,legacy-derived,Atmosphere,Atmosphere:307,Integrated cavity output spectroscopy (ICOS),
http://codes.wmo.int/wmdr/ObservingMethod/integratedPathDifferentialAbsorptionLidar,integratedPathDifferentialAbsorptionLidar,Integrated-path differential-absorption lidar,"Light detection and ranging (lidar) with integrated path differential absorption (IPDA) capability, typically used for column measurements of CH4 and CO2.",non-controversial,inherited,legacy-derived,Atmosphere,Atmosphere:320,Integrated path differential absorption (IPDA) lidar,
http://codes.wmo.int/wmdr/ObservingMethod/integratingNephelometry,integratingNephelometry,Integrating nephelometry,Determination of light-scattering properties by collecting scattered light over a broad angular range.,non-controversial,drafted,legacy-derived,Atmosphere,Atmosphere:230,"Nephelometry, integrating",
http://codes.wmo.int/wmdr/ObservingMethod/laserInducedFluorescence,laserInducedFluorescence,Laser-induced fluorescence,,non-controversial,needed,legacy-derived,Atmosphere,Atmosphere:308,Laser induced fluorescence (LIF),
http://codes.wmo.int/wmdr/ObservingMethod/laserPhotoacousticSpectroscopy,laserPhotoacousticSpectroscopy,Laser photoacoustic spectroscopy,,non-controversial,needed,legacy-derived,Atmosphere,Atmosphere:309,Laser photoacoustic spectroscopy (LPAS),
http://codes.wmo.int/wmdr/ObservingMethod/laserRanging,laserRanging,Laser ranging,Emission of a modulated beam of light in the visible spectrum to determine the distance to a target by comparing the phase information from the reflected beam.,non-controversial,inherited,legacy-derived,Terrestrial,Terrestrial:344,Laser ranging,
http://codes.wmo.int/wmdr/ObservingMethod/laserSpectroscopy,laserSpectroscopy,Laser spectroscopy,Spectroscopic determination using laser radiation as the optical source.,non-controversial,drafted,legacy-derived,Atmosphere,Atmosphere:310,Laser spectroscopy [general],
http://codes.wmo.int/wmdr/ObservingMethod/lightAbsorptionPhotometry,lightAbsorptionPhotometry,Light-absorption photometry,Photometric determination based on absorption of light by a sample.,non-controversial,drafted,legacy-derived,Atmosphere,Atmosphere:315,Light absorption photometry,
http://codes.wmo.int/wmdr/ObservingMethod/lightScattering,lightScattering,Light scattering,,non-controversial,needed,legacy-derived,Atmosphere,Atmosphere:229,Light scattering,
http://codes.wmo.int/wmdr/ObservingMethod/liquidColumnThermometry,liquidColumnThermometry,Liquid-column thermometry,Determination of temperature from the thermally induced change in the level or volume of a calibrated non-mercury liquid column.,non-controversial,drafted,legacy-derived,Atmosphere; Ocean,Atmosphere:144; Ocean:402,Liquid-in-glass thermometer (mercury-free); Fluid-based thermometry (excluding mercury),Consolidates 2 legacy entries.
http://codes.wmo.int/wmdr/ObservingMethod/longPathAbsorptionPhotometry,longPathAbsorptionPhotometry,Long-path absorption photometry,,non-controversial,needed,legacy-derived,Atmosphere,Atmosphere:316,Long path absorption photometry (LOPAP),
http://codes.wmo.int/wmdr/ObservingMethod/massBalanceMethod,massBalanceMethod,Mass-balance method,,non-controversial,needed,legacy-derived,Atmosphere,Atmosphere:147,Mass balance method,
http://codes.wmo.int/wmdr/ObservingMethod/massSpectrometry,massSpectrometry,Mass spectrometry,Determination based on separation and detection of ions according to mass-to-charge ratio.,non-controversial,drafted,legacy-derived,Atmosphere,Atmosphere:221,Mass Spectrometry (MS) [general],
http://codes.wmo.int/wmdr/ObservingMethod/mercuryColumnPressureMeasurement,mercuryColumnPressureMeasurement,Mercury-column pressure measurement,Determination of pressure from the height of a mercury column.,non-controversial,drafted,legacy-derived,Atmosphere,Atmosphere:73,"Barometer, mercury column",
http://codes.wmo.int/wmdr/ObservingMethod/mercuryColumnThermometry,mercuryColumnThermometry,Mercury-column thermometry,Determination of temperature from the thermally induced change in the level or volume of mercury in a calibrated liquid column.,non-controversial,drafted,legacy-derived,Atmosphere; Ocean,Atmosphere:149; Ocean:401,Mercury-in-glass thermometer; Mercury-based thermometry,Consolidates 2 legacy entries.
http://codes.wmo.int/wmdr/ObservingMethod/mercuryThiocyanateColorimetry,mercuryThiocyanateColorimetry,Mercury-thiocyanate colorimetry,,non-controversial,needed,legacy-derived,Atmosphere,Atmosphere:274,Colorimetry (mercury thiocyanate+iron alum),
http://codes.wmo.int/wmdr/ObservingMethod/multiAngleAbsorptionPhotometry,multiAngleAbsorptionPhotometry,Multi-angle absorption photometry,,non-controversial,needed,legacy-derived,Atmosphere,Atmosphere:238,Multiangle absorption photometry (MAAP),
http://codes.wmo.int/wmdr/ObservingMethod/nesslerColorimetry,nesslerColorimetry,Nessler colorimetry,,non-controversial,needed,legacy-derived,Atmosphere,Atmosphere:276,"Colorimetry (Nessler, K2HgI4)",
http://codes.wmo.int/wmdr/ObservingMethod/nonDispersiveInfraredAbsorption,nonDispersiveInfraredAbsorption,Non-dispersive infrared absorption,,non-controversial,needed,legacy-derived,Atmosphere,Atmosphere:317,Non-dispersive IR (NDIR) absorption,
http://codes.wmo.int/wmdr/ObservingMethod/nonDispersiveUltravioletAbsorption,nonDispersiveUltravioletAbsorption,Non-dispersive ultraviolet absorption,,non-controversial,needed,legacy-derived,Atmosphere,Atmosphere:318,Non-dispersive UV (NDUV),
http://codes.wmo.int/wmdr/ObservingMethod/opticalPilotBalloonTracking,opticalPilotBalloonTracking,Optical pilot-balloon tracking,,non-controversial,needed,legacy-derived,Atmosphere,Atmosphere:332,Pilot balloon with optical tracking),
http://codes.wmo.int/wmdr/ObservingMethod/oxygenLuminescenceQuenching,oxygenLuminescenceQuenching,Oxygen luminescence quenching,Determination of oxygen from the quenching effect of oxygen on the luminescence of an excited indicator.,non-controversial,drafted,legacy-derived,Ocean,Ocean:410,Oxygen luminescence quenching method,
http://codes.wmo.int/wmdr/ObservingMethod/particleInducedXRayEmissionSpectrometry,particleInducedXRayEmissionSpectrometry,Particle-induced X-ray emission spectrometry,Elemental spectrometry based on characteristic X-ray emission induced by energetic charged particles.,non-controversial,drafted,legacy-derived,Atmosphere,Atmosphere:223,Particle induced x-ray emission (PIXE),
http://codes.wmo.int/wmdr/ObservingMethod/photoacousticDetection,photoacousticDetection,Photoacoustic detection,,non-controversial,needed,legacy-derived,Atmosphere,Atmosphere:168,Photoacoustic detection,
http://codes.wmo.int/wmdr/ObservingMethod/pistonPressureBalance,pistonPressureBalance,Piston pressure-balance measurement,,non-controversial,needed,legacy-derived,Atmosphere,Atmosphere:174,Pressure balance (piston),
http://codes.wmo.int/wmdr/ObservingMethod/polarizedLidar,polarizedLidar,Polarized lidar,Lidar measurement using polarization characteristics of transmitted or returned radiation.,non-controversial,drafted,legacy-derived,Atmosphere,Atmosphere:343,Polarized lidar,
http://codes.wmo.int/wmdr/ObservingMethod/protonTransferReactionMassSpectrometry,protonTransferReactionMassSpectrometry,Proton-transfer-reaction mass spectrometry,,non-controversial,needed,legacy-derived,Atmosphere,Atmosphere:313,Proton transfer reaction mass spectrometry (PTR-MS),
http://codes.wmo.int/wmdr/ObservingMethod/quantumCascadeLaserSpectroscopy,quantumCascadeLaserSpectroscopy,Quantum-cascade-laser spectroscopy,,non-controversial,needed,legacy-derived,Atmosphere,Atmosphere:311,Quantum cascade laser (QCL) spectroscopy,
http://codes.wmo.int/wmdr/ObservingMethod/radarDopplerVelocimetry,radarDopplerVelocimetry,Radar-Doppler velocimetry,Determination of surface or target velocity from the Doppler shift of a radar return.,non-controversial,drafted,legacy-derived,Terrestrial,Terrestrial:380,radar velocimetry,
http://codes.wmo.int/wmdr/ObservingMethod/radarRadiosondeTracking,radarRadiosondeTracking,Radar radiosonde tracking,,non-controversial,needed,legacy-derived,Atmosphere,Atmosphere:328,Radiosonde with radar tracking,
http://codes.wmo.int/wmdr/ObservingMethod/radarRanging,radarRanging,Radar ranging,Determination of distance from the travel time or phase of a transmitted and returned radar signal.,non-controversial,drafted,legacy-derived,Terrestrial,Terrestrial:379,radar water level gauge,
http://codes.wmo.int/wmdr/ObservingMethod/radioAcousticSounding,radioAcousticSounding,Radio-acoustic sounding,,non-controversial,needed,legacy-derived,Atmosphere,Atmosphere:181; Atmosphere:182,Radio acoustic sounding system (RASS),Consolidates 2 legacy entries.
http://codes.wmo.int/wmdr/ObservingMethod/radiometry,radiometry,Radiometry,Measurement of electromagnetic radiant quantities.,non-controversial,drafted,legacy-derived,Ocean,Ocean:412,Radiometry,
http://codes.wmo.int/wmdr/ObservingMethod/radionuclideDecayCounting,radionuclideDecayCounting,Radionuclide decay counting,Determination of radioactive decay events per unit time.,non-controversial,drafted,legacy-derived,Atmosphere,Atmosphere:348,Radionuclide decay counting [general],
http://codes.wmo.int/wmdr/ObservingMethod/radiotheodoliteRadiosondeTracking,radiotheodoliteRadiosondeTracking,Radiotheodolite radiosonde tracking,,non-controversial,needed,legacy-derived,Atmosphere,Atmosphere:329,Radiosonde with radiotheodolite tracking,
http://codes.wmo.int/wmdr/ObservingMethod/ramanLidar,ramanLidar,Raman lidar,"Light detection and ranging (lidar) with Raman capability, typically used for measurements of aerosol particle phase and cloud measurements as well as water vapor and temperature.",non-controversial,inherited,legacy-derived,Atmosphere,Atmosphere:143,Raman lidar,
http://codes.wmo.int/wmdr/ObservingMethod/resistanceThermometry,resistanceThermometry,Resistance thermometry,Determination of temperature from the temperature dependence of electrical resistance.,non-controversial,drafted,legacy-derived,Atmosphere,Atmosphere:188,"Resistance thermometer, thermistor",
http://codes.wmo.int/wmdr/ObservingMethod/saltzmanColorimetry,saltzmanColorimetry,Saltzman colorimetry,,non-controversial,needed,legacy-derived,Atmosphere,Atmosphere:90,Colorimetry (Saltzman),
http://codes.wmo.int/wmdr/ObservingMethod/sedimentDischargeRatingRelation,sedimentDischargeRatingRelation,Sediment-discharge rating relation,"An empirical relationship relating sediment discharge and streamflow based on correlation analysis of sediment samples and concurrent flow estimates and presented as a curve, table, or equation. [Based on 'sediment rating curve' in Guide to Hydrological Practices (WMO-No. 168), Volume I. 2008 edition, updated in 2020.]",non-controversial,inherited,legacy-derived,Terrestrial,Terrestrial:373,Water discharge-sediment discharge rating curve,
http://codes.wmo.int/wmdr/ObservingMethod/sedimentDisplacementMeasurement,sedimentDisplacementMeasurement,Sediment displacement measurement,Determination of sediment concentration by the measurement of the difference in weight between a sample of sediment-laden water and an equal volume of clear water at the same temperature. [Based on 'displacement method' in Manual on Sediment Management and Measurement (WMO-No. 948). 2003.],non-controversial,inherited,legacy-derived,Terrestrial,Terrestrial:372,Displacement method of sediments,
http://codes.wmo.int/wmdr/ObservingMethod/slopeAreaMethod,slopeAreaMethod,Slope-area method,"Determination of discharge from water-surface slope, channel geometry and hydraulic resistance.",non-controversial,drafted,legacy-derived,Terrestrial,Terrestrial:360,Slope-area method,
http://codes.wmo.int/wmdr/ObservingMethod/sodiumSalicylateColorimetry,sodiumSalicylateColorimetry,Sodium-salicylate colorimetry,,non-controversial,needed,legacy-derived,Atmosphere,Atmosphere:277,Colorimetry (sodium salicylate method for nitrate),
http://codes.wmo.int/wmdr/ObservingMethod/spectralSolarRadiometry,spectralSolarRadiometry,Spectral-solar radiometry,Spectrally resolved radiometric measurement of solar radiation.,non-controversial,drafted,legacy-derived,Atmosphere,Atmosphere:267,Spectral pyranometer,
http://codes.wmo.int/wmdr/ObservingMethod/stageDischargeRelation,stageDischargeRelation,Stage-discharge relation,Determination of discharge from an established relation between water level and discharge.,non-controversial,drafted,legacy-derived,Terrestrial,Terrestrial:363,Stage-discharge relation,
http://codes.wmo.int/wmdr/ObservingMethod/thorinColorimetry,thorinColorimetry,Thorin colorimetry,,non-controversial,needed,legacy-derived,Atmosphere,Atmosphere:91,Colorimetry (thorin),
http://codes.wmo.int/wmdr/ObservingMethod/timeDomainReflectometry,timeDomainReflectometry,Time-domain reflectometry,Estimation of water content in unsaturated materials based on variations in their dielectric properties. [International Glossary of Hydrology (WMO-No. 385). 2012 edition.],non-controversial,inherited,legacy-derived,Terrestrial,Terrestrial:203,Time domain reflectometry (TDR),
http://codes.wmo.int/wmdr/ObservingMethod/titration,titration,Titration,,non-controversial,needed,legacy-derived,Atmosphere,Atmosphere:205,Titration,
http://codes.wmo.int/wmdr/ObservingMethod/transmissometry,transmissometry,Transmissometry,Determination of optical transmission or attenuation along a defined path.,non-controversial,drafted,legacy-derived,Atmosphere,Atmosphere:207,Transmissometer,
http://codes.wmo.int/wmdr/ObservingMethod/tunableDiodeLaserSpectroscopy,tunableDiodeLaserSpectroscopy,Tunable-diode-laser spectroscopy,Tunable diode lase spectroscopy (TDLS),non-controversial,inherited,legacy-derived,Atmosphere,Atmosphere:338,Tunable diode lase spectroscopy (TDLS),
http://codes.wmo.int/wmdr/ObservingMethod/turbidimetry,turbidimetry,Turbidimetry,Determination of turbidity from attenuation or scattering of light by suspended material.,non-controversial,drafted,legacy-derived,Atmosphere,Atmosphere:209,Turbidity measurement,
http://codes.wmo.int/wmdr/ObservingMethod/ultrasonicRanging,ultrasonicRanging,Ultrasonic ranging,Transmission of an ultrasonic pulse towards the target and listening for a return echo from that target.,non-controversial,inherited,legacy-derived,Terrestrial,Terrestrial:260,Ultrasonic ranging,
http://codes.wmo.int/wmdr/ObservingMethod/ultravioletAbsorptionSpectroradiometry,ultravioletAbsorptionSpectroradiometry,Ultraviolet-absorption spectroradiometry,,non-controversial,needed,legacy-derived,Atmosphere,Atmosphere:319,UV absorption spectrometry-radiometry,
http://codes.wmo.int/wmdr/ObservingMethod/ultravioletFluorescence,ultravioletFluorescence,Ultraviolet fluorescence,,non-controversial,needed,legacy-derived,Atmosphere,Atmosphere:295,UV fluorescence,
http://codes.wmo.int/wmdr/ObservingMethod/ultravioletSpectroradiometry,ultravioletSpectroradiometry,Ultraviolet spectroradiometry,,non-controversial,needed,legacy-derived,Atmosphere,Atmosphere:339,UV spectroradiometry,
http://codes.wmo.int/wmdr/ObservingMethod/ultravioletVisibleSpectroradiometry,ultravioletVisibleSpectroradiometry,Ultraviolet-visible spectroradiometry,Spectrally resolved radiometric measurement in the ultraviolet and visible regions.,non-controversial,drafted,legacy-derived,Atmosphere,Atmosphere:268,UV-vis spectrometry-radiometry,
http://codes.wmo.int/wmdr/ObservingMethod/umkehrMethod,umkehrMethod,Umkehr method,,non-controversial,needed,legacy-derived,Atmosphere,Atmosphere:210,Umkehr method,
http://codes.wmo.int/wmdr/ObservingMethod/vacuumUltravioletFluorescence,vacuumUltravioletFluorescence,Vacuum-ultraviolet fluorescence,,non-controversial,needed,legacy-derived,Atmosphere,Atmosphere:296,Vacuum UV fluorescence,
http://codes.wmo.int/wmdr/ObservingMethod/velocityAreaMethod,velocityAreaMethod,Velocity-area method,Determination of discharge from measured flow velocities and elemental areas across a channel cross-section.,non-controversial,drafted,legacy-derived,Terrestrial,Terrestrial:357,Velocity-area method,
http://codes.wmo.int/wmdr/ObservingMethod/visualEstimation,visualEstimation,Visual estimation,Determination of an observed property by direct visual assessment.,non-controversial,drafted,legacy-derived,Atmosphere,Atmosphere:112,Estimation from visual observation,
http://codes.wmo.int/wmdr/ObservingMethod/xRayFluorescenceSpectrometry,xRayFluorescenceSpectrometry,X-ray fluorescence spectrometry,Elemental spectrometry based on characteristic X-ray fluorescence.,non-controversial,drafted,legacy-derived,Atmosphere,Atmosphere:226,X-ray fluorescence (XRF),
